Workbook

Sheet 사용법
B2: 연금 자산(IRP·연금저축) 리밸런싱 관리 템플릿
B3: 4개 계좌 × 다수 ETF, 분기별 리밸런싱을 관리하기 위한 엑셀 템플릿입니다.
B5: ① 계좌설정
B6: 4개 계좌(IRP/연금저축)와 각 계좌가 보유할 ETF 목록·목표비중(%)을 등록합니다. 계좌당 목표비중 합계는 100%가 되어야 합니다. (예시 데이터가 들어있으니 실제 보유 종목으로 교체하세요)
B8: ② ETF전체목록
B9: 상장된 모든 ETF의 티커·이름을 모아둔 참고용 시트입니다. 새 종목을 계좌설정에 추가할 때 여기서 이름으로 검색해 티커를 복사해 쓰면 됩니다. scripts/refresh_etf_list.py 실행 시 최신 목록으로 갱신됩니다.
B11: ③ 현황_리밸런싱
B12: 분기마다 계좌설정과 '동일한 순서'로 보유수량·현재가만 입력하면, 평가금액/현재비중/목표비중과의 괴리, 계좌별 매수·매도 필요 수량이 자동 계산됩니다. 현재가는 scripts/fetch_prices.py 로 자동 입력할 수 있습니다.
B14: ④ 리밸런싱_히스토리
B15: 실제로 체결한 매수/매도 내역을 한 줄씩 기록하는 로그입니다. 계좌별칭·ETF명은 계좌설정을 참조해 자동으로 채워집니다. scripts/log_rebalance.py 를 실행하면 현황_리밸런싱의 매수/매도 대상이 오늘 날짜로 자동 초안 작성되어, 체결가만 확인/수정하면 됩니다.
B17: ⑤ 시계열_스냅샷
B18: 분기가 끝날 때마다(리밸런싱 직후) 계좌별 평가금액 합계를 한 줄 추가하세요. 총자산 추이와 계좌별 비중 변화를 시계열로 볼 수 있습니다.
... B37: 5) 시계열_스냅샷에 이번 분기 계좌별 합계금액 한 줄 추가

Sheet 대시보드
B2: 연금 자산 대시보드
B3: ="기준일: "&TEXT(TODAY(),"yyyy-mm-dd")
B5: 총자산 | D5: 최근 리밸런싱 실행일 | F5: 최근 스냅샷 총자산
B6: =현황_리밸런싱!G21 | D6: =IFERROR(MAX(리밸런싱_히스토리!A5:A64),"기록 없음") | F6: =IFERROR(LOOKUP(2,1/(시계열_스냅샷!F5:F24<>""),시계열_스냅샷!F5:F24),"데이터 없음")
B9: 계좌별 요약
B10: 계좌별칭 | C10: 계좌구분 | D10: 평가금액 | E10: 총자산 대비 비중
B11: =계좌설정!C5 | C11: =계좌설정!B5 | D11: =SUMIF(현황_리밸런싱!$A$5:$A$20,계좌설정!A5,현황_리밸런싱!$G$5:$G$20) | E11: =IF($B$6=0,0,D11/$B$6)
B12: =계좌설정!C9 | C12: =계좌설정!B9 | D12: =SUMIF(현황_리밸런싱!$A$5:$A$20,계좌설정!A9,현황_리밸런싱!$G$5:$G$20) | E12: =IF($B$6=0,0,D12/$B$6)
B13: =계좌설정!C13 | C13: =계좌설정!B13 | D13: =SUMIF(현황_리밸런싱!$A$5:$A$20,계좌설정!A13,현황_리밸런싱!$G$5:$G$20) | E13: =IF($B$6=0,0,D13/$B$6)
B14: =계좌설정!C17 | C14: =계좌설정!B17 | D14: =SUMIF(현황_리밸런싱!$A$5:$A$20,계좌설정!A17,현황_리밸런싱!$G$5:$G$20) | E14: =IF($B$6=0,0,D14/$B$6)
B17: 목표비중 대비 괴리 TOP5 (리밸런싱 우선순위)
B18: 계좌별칭 | C18: ETF명 | D18: 현재비중 | E18: 목표비중 | F18: 괴리(%p)
B19: =INDEX(현황_리밸런싱!$B$5:$B$20,MATCH(LARGE(현황_리밸런싱!$P$5:$P$20,1),현황_리밸런싱!$P$5:$P$20,0)) | C19: =INDEX(현황_리밸런싱!$D$5:$D$20,MATCH(LARGE(현황_리밸런싱!$P$5:$P$20,1),현황_리밸런싱!$P$5:$P$20,0)) | D19: =INDEX(현황_리밸런싱!$I$5:$I$20,MATCH(LARGE(현황_리밸런싱!$P$5:$P$20,1),현황_리밸런싱!$P$5:$P$20,0)) | E19: =INDEX(현황_리밸런싱!$J$5:$J$20,MATCH(LARGE(현황_리밸런싱!$P$5:$P$20,1),현황_리밸런싱!$P$5:$P$20,0)) | F19: =INDEX(현황_리밸런싱!$K$5:$K$20,MATCH(LARGE(현황_리밸런싱!$P$5:$P$20,1),현황_리밸런싱!$P$5:$P$20,0))
B20: =INDEX(현황_리밸런싱!$B$5:$B$20,MATCH(LARGE(현황_리밸런싱!$P$5:$P$20,2),현황_리밸런싱!$P$5:$P$20,0)) | C20: =INDEX(현황_리밸런싱!$D$5:$D$20,MATCH(LARGE(현황_리밸런싱!$P$5:$P$20,2),현황_리밸런싱!$P$5:$P$20,0)) | D20: =INDEX(현황_리밸런싱!$I$5:$I$20,MATCH(LARGE(현황_리밸런싱!$P$5:$P$20,2),현황_리밸런싱!$P$5:$P$20,0)) | E20: =INDEX(현황_리밸런싱!$J$5:$J$20,MATCH(LARGE(현황_리밸런싱!$P$5:$P$20,2),현황_리밸런싱!$P$5:$P$20,0)) | F20: =INDEX(현황_리밸런싱!$K$5:$K$20,MATCH(LARGE(현황_리밸런싱!$P$5:$P$20,2),현황_리밸런싱!$P$5:$P$20,0))
B21: =INDEX(현황_리밸런싱!$B$5:$B$20,MATCH(LARGE(현황_리밸런싱!$P$5:$P$20,3),현황_리밸런싱!$P$5:$P$20,0)) | C21: =INDEX(현황_리밸런싱!$D$5:$D$20,MATCH(LARGE(현황_리밸런싱!$P$5:$P$20,3),현황_리밸런싱!$P$5:$P$20,0)) | D21: =INDEX(현황_리밸런싱!$I$5:$I$20,MATCH(LARGE(현황_리밸런싱!$P$5:$P$20,3),현황_리밸런싱!$P$5:$P$20,0)) | E21: =INDEX(현황_리밸런싱!$J$5:$J$20,MATCH(LARGE(현황_리밸런싱!$P$5:$P$20,3),현황_리밸런싱!$P$5:$P$20,0)) | F21: =INDEX(현황_리밸런싱!$K$5:$K$20,MATCH(LARGE(현황_리밸런싱!$P$5:$P$20,3),현황_리밸런싱!$P$5:$P$20,0))
B22: =INDEX(현황_리밸런싱!$B$5:$B$20,MATCH(LARGE(현황_리밸런싱!$P$5:$P$20,4),현황_리밸런싱!$P$5:$P$20,0)) | C22: =INDEX(현황_리밸런싱!$D$5:$D$20,MATCH(LARGE(현황_리밸런싱!$P$5:$P$20,4),현황_리밸런싱!$P$5:$P$20,0)) | D22: =INDEX(현황_리밸런싱!$I$5:$I$20,MATCH(LARGE(현황_리밸런싱!$P$5:$P$20,4),현황_리밸런싱!$P$5:$P$20,0)) | E22: =INDEX(현황_리밸런싱!$J$5:$J$20,MATCH(LARGE(현황_리밸런싱!$P$5:$P$20,4),현황_리밸런싱!$P$5:$P$20,0)) | F22: =INDEX(현황_리밸런싱!$K$5:$K$20,MATCH(LARGE(현황_리밸런싱!$P$5:$P$20,4),현황_리밸런싱!$P$5:$P$20,0))
B23: =INDEX(현황_리밸런싱!$B$5:$B$20,MATCH(LARGE(현황_리밸런싱!$P$5:$P$20,5),현황_리밸런싱!$P$5:$P$20,0)) | C23: =INDEX(현황_리밸런싱!$D$5:$D$20,MATCH(LARGE(현황_리밸런싱!$P$5:$P$20,5),현황_리밸런싱!$P$5:$P$20,0)) | D23: =INDEX(현황_리밸런싱!$I$5:$I$20,MATCH(LARGE(현황_리밸런싱!$P$5:$P$20,5),현황_리밸런싱!$P$5:$P$20,0)) | E23: =INDEX(현황_리밸런싱!$J$5:$J$20,MATCH(LARGE(현황_리밸런싱!$P$5:$P$20,5),현황_리밸런싱!$P$5:$P$20,0)) | F23: =INDEX(현황_리밸런싱!$K$5:$K$20,MATCH(LARGE(현황_리밸런싱!$P$5:$P$20,5),현황_리밸런싱!$P$5:$P$20,0))

Sheet 계좌설정
A1: 계좌 & 목표 포트폴리오 설정
A2: ※ 예시 데이터입니다. 실제 보유 계좌/ETF/목표비중으로 교체하세요. 계좌당 목표비중 합계는 100%가 되어야 합니다.
A4: 계좌ID | B4: 계좌구분 | C4: 계좌별칭 | D4: 증권사 | E4: 티커 | F4: ETF명 | G4: 목표비중
A5: A1 | B5: IRP | C5: IRP-1(미래에셋) | D5: 미래에셋증권 | E5: 379800 | F5: KODEX 미국S&P500 | G5: 0.4
A6: A1 | B6: IRP | C6: IRP-1(미래에셋) | D6: 미래에셋증권 | E6: 381170 | F6: TIGER 미국테크TOP10 | G6: 0.2
A7: A1 | B7: IRP | C7: IRP-1(미래에셋) | D7: 미래에셋증권 | E7: 360750 | F7: TIGER 미국나스닥100 | G7: 0.2
A8: A1 | B8: IRP | C8: IRP-1(미래에셋) | D8: 미래에셋증권 | E8: 305080 | F8: TIGER 미국채10년선물 | G8: 0.2
A9: A2 | B9: 연금저축 | C9: 연금저축-1(미래에셋) | D9: 미래에셋증권 | E9: 069500 | F9: KODEX 200 | G9: 0.4
A10: A2 | B10: 연금저축 | C10: 연금저축-1(미래에셋) | D10: 미래에셋증권 | E10: 148070 | F10: KOSEF 국고채10년 | G10: 0.3
A11: A2 | B11: 연금저축 | C11: 연금저축-1(미래에셋) | D11: 미래에셋증권 | E11: 132030 | F11: KODEX 골드선물(H) | G11: 0.15
A12: A2 | B12: 연금저축 | C12: 연금저축-1(미래에셋) | D12: 미래에셋증권 | E12: 310970 | F12: KODEX 미국S&P500TR | G12: 0.15
A13: B1 | B13: IRP | C13: IRP-2(한국투자) | D13: 한국투자증권 | E13: 360750 | F13: TIGER 미국나스닥100 | G13: 0.3
A14: B1 | B14: IRP | C14: IRP-2(한국투자) | D14: 한국투자증권 | E14: 379800 | F14: KODEX 미국S&P500 | G14: 0.3
A15: B1 | B15: IRP | C15: IRP-2(한국투자) | D15: 한국투자증권 | E15: 114260 | F15: KODEX 국고채3년 | G15: 0.25
A16: B1 | B16: IRP | C16: IRP-2(한국투자) | D16: 한국투자증권 | E16: 132030 | F16: KODEX 골드선물(H) | G16: 0.15
... A20: B2 | B20: 연금저축 | C20: 연금저축-2(한국투자) | D20: 한국투자증권 | E20: 130680 | F20: TIGER 골드선물(H) | G20: 0.15
H21: 계좌ID | I21: 목표비중합계
C22: 계좌별 목표비중 합계 검증 (100%가 아니면 빨간색) | H22: A1 | I22: =SUMIF($A$5:$A$20,H22,$G$5:$G$20)
H23: A2 | I23: =SUMIF($A$5:$A$20,H23,$G$5:$G$20)
H24: B1 | I24: =SUMIF($A$5:$A$20,H24,$G$5:$G$20)
H25: B2 | I25: =SUMIF($A$5:$A$20,H25,$G$5:$G$20)

Sheet ETF전체목록
A1: 상장 ETF 전체 목록 (참고용)
A2: 종목 추가 시 여기서 이름으로 찾아 티커를 계좌설정에 복사하세요. scripts/refresh_etf_list.py 를 실행하면 최신 상장 목록으로 자동 갱신됩니다 (수동 편집 불필요).
A3: 기준일: (refresh_etf_list.py 실행 전에는 비어있음)
A5: 티커 | B5: ETF명 | C5: 기초지수 | D5: 최근종가

Sheet 현황_리밸런싱
A1: 분기 리밸런싱 계산기
A2: ※ 계좌설정과 '동일한 순서'로 보유수량·현재가만 입력하세요. 나머지는 전부 자동 계산됩니다.
A4: 계좌ID | B4: 계좌별칭 | C4: 티커 | D4: ETF명 | E4: 보유수량 | F4: 현재가 | G4: 평가금액 | H4: 계좌합계금액 | I4: 현재비중 | J4: 목표비중 | K4: 비중차이 | L4: 목표금액 | M4: 조정금액(+매수/-매도) | N4: 매매수량 | O4: 액션 | P4: 비중차이(절대값)
A5: =계좌설정!A5 | B5: =계좌설정!C5 | C5: =계좌설정!E5 | D5: =계좌설정!F5 | G5: =E5*F5 | H5: =SUMIF($A$5:$A$20,A5,$G$5:$G$20) | I5: =IF(H5=0,0,G5/H5) | J5: =계좌설정!G5 | K5: =I5-J5 | L5: =H5*J5 | M5: =L5-G5 | N5: =IF(F5=0,0,ROUND(M5/F5,0)) | O5: =IF(N5>0,"매수",IF(N5<0,"매도","유지")) | P5: =ABS(K5)
A6: =계좌설정!A6 | B6: =계좌설정!C6 | C6: =계좌설정!E6 | D6: =계좌설정!F6 | G6: =E6*F6 | H6: =SUMIF($A$5:$A$20,A6,$G$5:$G$20) | I6: =IF(H6=0,0,G6/H6) | J6: =계좌설정!G6 | K6: =I6-J6 | L6: =H6*J6 | M6: =L6-G6 | N6: =IF(F6=0,0,ROUND(M6/F6,0)) | O6: =IF(N6>0,"매수",IF(N6<0,"매도","유지")) | P6: =ABS(K6)
A7: =계좌설정!A7 | B7: =계좌설정!C7 | C7: =계좌설정!E7 | D7: =계좌설정!F7 | G7: =E7*F7 | H7: =SUMIF($A$5:$A$20,A7,$G$5:$G$20) | I7: =IF(H7=0,0,G7/H7) | J7: =계좌설정!G7 | K7: =I7-J7 | L7: =H7*J7 | M7: =L7-G7 | N7: =IF(F7=0,0,ROUND(M7/F7,0)) | O7: =IF(N7>0,"매수",IF(N7<0,"매도","유지")) | P7: =ABS(K7)
A8: =계좌설정!A8 | B8: =계좌설정!C8 | C8: =계좌설정!E8 | D8: =계좌설정!F8 | G8: =E8*F8 | H8: =SUMIF($A$5:$A$20,A8,$G$5:$G$20) | I8: =IF(H8=0,0,G8/H8) | J8: =계좌설정!G8 | K8: =I8-J8 | L8: =H8*J8 | M8: =L8-G8 | N8: =IF(F8=0,0,ROUND(M8/F8,0)) | O8: =IF(N8>0,"매수",IF(N8<0,"매도","유지")) | P8: =ABS(K8)
A9: =계좌설정!A9 | B9: =계좌설정!C9 | C9: =계좌설정!E9 | D9: =계좌설정!F9 | G9: =E9*F9 | H9: =SUMIF($A$5:$A$20,A9,$G$5:$G$20) | I9: =IF(H9=0,0,G9/H9) | J9: =계좌설정!G9 | K9: =I9-J9 | L9: =H9*J9 | M9: =L9-G9 | N9: =IF(F9=0,0,ROUND(M9/F9,0)) | O9: =IF(N9>0,"매수",IF(N9<0,"매도","유지")) | P9: =ABS(K9)
A10: =계좌설정!A10 | B10: =계좌설정!C10 | C10: =계좌설정!E10 | D10: =계좌설정!F10 | G10: =E10*F10 | H10: =SUMIF($A$5:$A$20,A10,$G$5:$G$20) | I10: =IF(H10=0,0,G10/H10) | J10: =계좌설정!G10 | K10: =I10-J10 | L10: =H10*J10 | M10: =L10-G10 | N10: =IF(F10=0,0,ROUND(M10/F10,0)) | O10: =IF(N10>0,"매수",IF(N10<0,"매도","유지")) | P10: =ABS(K10)
A11: =계좌설정!A11 | B11: =계좌설정!C11 | C11: =계좌설정!E11 | D11: =계좌설정!F11 | G11: =E11*F11 | H11: =SUMIF($A$5:$A$20,A11,$G$5:$G$20) | I11: =IF(H11=0,0,G11/H11) | J11: =계좌설정!G11 | K11: =I11-J11 | L11: =H11*J11 | M11: =L11-G11 | N11: =IF(F11=0,0,ROUND(M11/F11,0)) | O11: =IF(N11>0,"매수",IF(N11<0,"매도","유지")) | P11: =ABS(K11)
A12: =계좌설정!A12 | B12: =계좌설정!C12 | C12: =계좌설정!E12 | D12: =계좌설정!F12 | G12: =E12*F12 | H12: =SUMIF($A$5:$A$20,A12,$G$5:$G$20) | I12: =IF(H12=0,0,G12/H12) | J12: =계좌설정!G12 | K12: =I12-J12 | L12: =H12*J12 | M12: =L12-G12 | N12: =IF(F12=0,0,ROUND(M12/F12,0)) | O12: =IF(N12>0,"매수",IF(N12<0,"매도","유지")) | P12: =ABS(K12)
A13: =계좌설정!A13 | B13: =계좌설정!C13 | C13: =계좌설정!E13 | D13: =계좌설정!F13 | G13: =E13*F13 | H13: =SUMIF($A$5:$A$20,A13,$G$5:$G$20) | I13: =IF(H13=0,0,G13/H13) | J13: =계좌설정!G13 | K13: =I13-J13 | L13: =H13*J13 | M13: =L13-G13 | N13: =IF(F13=0,0,ROUND(M13/F13,0)) | O13: =IF(N13>0,"매수",IF(N13<0,"매도","유지")) | P13: =ABS(K13)
A14: =계좌설정!A14 | B14: =계좌설정!C14 | C14: =계좌설정!E14 | D14: =계좌설정!F14 | G14: =E14*F14 | H14: =SUMIF($A$5:$A$20,A14,$G$5:$G$20) | I14: =IF(H14=0,0,G14/H14) | J14: =계좌설정!G14 | K14: =I14-J14 | L14: =H14*J14 | M14: =L14-G14 | N14: =IF(F14=0,0,ROUND(M14/F14,0)) | O14: =IF(N14>0,"매수",IF(N14<0,"매도","유지")) | P14: =ABS(K14)
A15: =계좌설정!A15 | B15: =계좌설정!C15 | C15: =계좌설정!E15 | D15: =계좌설정!F15 | G15: =E15*F15 | H15: =SUMIF($A$5:$A$20,A15,$G$5:$G$20) | I15: =IF(H15=0,0,G15/H15) | J15: =계좌설정!G15 | K15: =I15-J15 | L15: =H15*J15 | M15: =L15-G15 | N15: =IF(F15=0,0,ROUND(M15/F15,0)) | O15: =IF(N15>0,"매수",IF(N15<0,"매도","유지")) | P15: =ABS(K15)
A16: =계좌설정!A16 | B16: =계좌설정!C16 | C16: =계좌설정!E16 | D16: =계좌설정!F16 | G16: =E16*F16 | H16: =SUMIF($A$5:$A$20,A16,$G$5:$G$20) | I16: =IF(H16=0,0,G16/H16) | J16: =계좌설정!G16 | K16: =I16-J16 | L16: =H16*J16 | M16: =L16-G16 | N16: =IF(F16=0,0,ROUND(M16/F16,0)) | O16: =IF(N16>0,"매수",IF(N16<0,"매도","유지")) | P16: =ABS(K16)
... A20: =계좌설정!A20 | B20: =계좌설정!C20 | C20: =계좌설정!E20 | D20: =계좌설정!F20 | G20: =E20*F20 | H20: =SUMIF($A$5:$A$20,A20,$G$5:$G$20) | I20: =IF(H20=0,0,G20/H20) | J20: =계좌설정!G20 | K20: =I20-J20 | L20: =H20*J20 | M20: =L20-G20 | N20: =IF(F20=0,0,ROUND(M20/F20,0)) | O20: =IF(N20>0,"매수",IF(N20<0,"매도","유지")) | P20: =ABS(K20)
D21: 총계 | G21: =SUM(G5:G20)

Sheet 리밸런싱_히스토리
A1: 리밸런싱 실행 히스토리 (체결 로그)
A2: 실제로 매수/매도를 체결한 후 한 줄씩 기록하세요. 계좌별칭·ETF명은 계좌설정을 참조해 자동 표시됩니다.
A4: 날짜 | B4: 분기 | C4: 계좌ID | D4: 계좌별칭 | E4: 티커 | F4: ETF명 | G4: 액션 | H4: 수량 | I4: 체결단가 | J4: 거래금액 | K4: 메모
A5: 2026-07-04 | B5: =IF(A5="","",YEAR(A5)&"Q"&ROUNDUP(MONTH(A5)/3,0)) | C5: A1 | D5: =IF(C5="","",VLOOKUP(C5,계좌설정!$A:$C,3,FALSE)) | E5: 379800 | F5: =IF(E5="","",VLOOKUP(E5,계좌설정!$E:$F,2,FALSE)) | G5: 매수 | H5: 5 | I5: 18500 | J5: =IF(OR(H5="",I5=""),"",H5*I5) | K5: 분기 리밸런싱 (예시 행 - 삭제 후 사용)
B6: =IF(A6="","",YEAR(A6)&"Q"&ROUNDUP(MONTH(A6)/3,0)) | D6: =IF(C6="","",VLOOKUP(C6,계좌설정!$A:$C,3,FALSE)) | F6: =IF(E6="","",VLOOKUP(E6,계좌설정!$E:$F,2,FALSE)) | J6: =IF(OR(H6="",I6=""),"",H6*I6)
B7: =IF(A7="","",YEAR(A7)&"Q"&ROUNDUP(MONTH(A7)/3,0)) | D7: =IF(C7="","",VLOOKUP(C7,계좌설정!$A:$C,3,FALSE)) | F7: =IF(E7="","",VLOOKUP(E7,계좌설정!$E:$F,2,FALSE)) | J7: =IF(OR(H7="",I7=""),"",H7*I7)
B8: =IF(A8="","",YEAR(A8)&"Q"&ROUNDUP(MONTH(A8)/3,0)) | D8: =IF(C8="","",VLOOKUP(C8,계좌설정!$A:$C,3,FALSE)) | F8: =IF(E8="","",VLOOKUP(E8,계좌설정!$E:$F,2,FALSE)) | J8: =IF(OR(H8="",I8=""),"",H8*I8)
B9: =IF(A9="","",YEAR(A9)&"Q"&ROUNDUP(MONTH(A9)/3,0)) | D9: =IF(C9="","",VLOOKUP(C9,계좌설정!$A:$C,3,FALSE)) | F9: =IF(E9="","",VLOOKUP(E9,계좌설정!$E:$F,2,FALSE)) | J9: =IF(OR(H9="",I9=""),"",H9*I9)
B10: =IF(A10="","",YEAR(A10)&"Q"&ROUNDUP(MONTH(A10)/3,0)) | D10: =IF(C10="","",VLOOKUP(C10,계좌설정!$A:$C,3,FALSE)) | F10: =IF(E10="","",VLOOKUP(E10,계좌설정!$E:$F,2,FALSE)) | J10: =IF(OR(H10="",I10=""),"",H10*I10)
B11: =IF(A11="","",YEAR(A11)&"Q"&ROUNDUP(MONTH(A11)/3,0)) | D11: =IF(C11="","",VLOOKUP(C11,계좌설정!$A:$C,3,FALSE)) | F11: =IF(E11="","",VLOOKUP(E11,계좌설정!$E:$F,2,FALSE)) | J11: =IF(OR(H11="",I11=""),"",H11*I11)
B12: =IF(A12="","",YEAR(A12)&"Q"&ROUNDUP(MONTH(A12)/3,0)) | D12: =IF(C12="","",VLOOKUP(C12,계좌설정!$A:$C,3,FALSE)) | F12: =IF(E12="","",VLOOKUP(E12,계좌설정!$E:$F,2,FALSE)) | J12: =IF(OR(H12="",I12=""),"",H12*I12)
B13: =IF(A13="","",YEAR(A13)&"Q"&ROUNDUP(MONTH(A13)/3,0)) | D13: =IF(C13="","",VLOOKUP(C13,계좌설정!$A:$C,3,FALSE)) | F13: =IF(E13="","",VLOOKUP(E13,계좌설정!$E:$F,2,FALSE)) | J13: =IF(OR(H13="",I13=""),"",H13*I13)
B14: =IF(A14="","",YEAR(A14)&"Q"&ROUNDUP(MONTH(A14)/3,0)) | D14: =IF(C14="","",VLOOKUP(C14,계좌설정!$A:$C,3,FALSE)) | F14: =IF(E14="","",VLOOKUP(E14,계좌설정!$E:$F,2,FALSE)) | J14: =IF(OR(H14="",I14=""),"",H14*I14)
B15: =IF(A15="","",YEAR(A15)&"Q"&ROUNDUP(MONTH(A15)/3,0)) | D15: =IF(C15="","",VLOOKUP(C15,계좌설정!$A:$C,3,FALSE)) | F15: =IF(E15="","",VLOOKUP(E15,계좌설정!$E:$F,2,FALSE)) | J15: =IF(OR(H15="",I15=""),"",H15*I15)
B16: =IF(A16="","",YEAR(A16)&"Q"&ROUNDUP(MONTH(A16)/3,0)) | D16: =IF(C16="","",VLOOKUP(C16,계좌설정!$A:$C,3,FALSE)) | F16: =IF(E16="","",VLOOKUP(E16,계좌설정!$E:$F,2,FALSE)) | J16: =IF(OR(H16="",I16=""),"",H16*I16)
B17: =IF(A17="","",YEAR(A17)&"Q"&ROUNDUP(MONTH(A17)/3,0)) | D17: =IF(C17="","",VLOOKUP(C17,계좌설정!$A:$C,3,FALSE)) | F17: =IF(E17="","",VLOOKUP(E17,계좌설정!$E:$F,2,FALSE)) | J17: =IF(OR(H17="",I17=""),"",H17*I17)
... B64: =IF(A64="","",YEAR(A64)&"Q"&ROUNDUP(MONTH(A64)/3,0)) | D64: =IF(C64="","",VLOOKUP(C64,계좌설정!$A:$C,3,FALSE)) | F64: =IF(E64="","",VLOOKUP(E64,계좌설정!$E:$F,2,FALSE)) | J64: =IF(OR(H64="",I64=""),"",H64*I64)

Sheet 시계열_스냅샷
A1: 분기별 총자산 시계열 스냅샷
A2: 매 분기 리밸런싱 직후, 계좌별 평가금액 합계를 한 줄씩 '값으로' 입력하세요 (현황_리밸런싱의 계좌합계금액을 복사).
A4: 날짜 | B4: =계좌설정!C5 | C4: =계좌설정!C9 | D4: =계좌설정!C13 | E4: =계좌설정!C17 | F4: 총자산 | G4: 전기대비증감액 | H4: 전기대비증감률
F5: =IF(SUM(B5:E5)=0,"",SUM(B5:E5))
F6: =IF(SUM(B6:E6)=0,"",SUM(B6:E6)) | G6: =IF(OR(F6="",F5=""),"",F6-F5) | H6: =IF(OR(F6="",F5="",F5=0),"",F6/F5-1)
F7: =IF(SUM(B7:E7)=0,"",SUM(B7:E7)) | G7: =IF(OR(F7="",F6=""),"",F7-F6) | H7: =IF(OR(F7="",F6="",F6=0),"",F7/F6-1)
F8: =IF(SUM(B8:E8)=0,"",SUM(B8:E8)) | G8: =IF(OR(F8="",F7=""),"",F8-F7) | H8: =IF(OR(F8="",F7="",F7=0),"",F8/F7-1)
F9: =IF(SUM(B9:E9)=0,"",SUM(B9:E9)) | G9: =IF(OR(F9="",F8=""),"",F9-F8) | H9: =IF(OR(F9="",F8="",F8=0),"",F9/F8-1)
F10: =IF(SUM(B10:E10)=0,"",SUM(B10:E10)) | G10: =IF(OR(F10="",F9=""),"",F10-F9) | H10: =IF(OR(F10="",F9="",F9=0),"",F10/F9-1)
F11: =IF(SUM(B11:E11)=0,"",SUM(B11:E11)) | G11: =IF(OR(F11="",F10=""),"",F11-F10) | H11: =IF(OR(F11="",F10="",F10=0),"",F11/F10-1)
F12: =IF(SUM(B12:E12)=0,"",SUM(B12:E12)) | G12: =IF(OR(F12="",F11=""),"",F12-F11) | H12: =IF(OR(F12="",F11="",F11=0),"",F12/F11-1)
F13: =IF(SUM(B13:E13)=0,"",SUM(B13:E13)) | G13: =IF(OR(F13="",F12=""),"",F13-F12) | H13: =IF(OR(F13="",F12="",F12=0),"",F13/F12-1)
F14: =IF(SUM(B14:E14)=0,"",SUM(B14:E14)) | G14: =IF(OR(F14="",F13=""),"",F14-F13) | H14: =IF(OR(F14="",F13="",F13=0),"",F14/F13-1)
F15: =IF(SUM(B15:E15)=0,"",SUM(B15:E15)) | G15: =IF(OR(F15="",F14=""),"",F15-F14) | H15: =IF(OR(F15="",F14="",F14=0),"",F15/F14-1)
F16: =IF(SUM(B16:E16)=0,"",SUM(B16:E16)) | G16: =IF(OR(F16="",F15=""),"",F16-F15) | H16: =IF(OR(F16="",F15="",F15=0),"",F16/F15-1)
F17: =IF(SUM(B17:E17)=0,"",SUM(B17:E17)) | G17: =IF(OR(F17="",F16=""),"",F17-F16) | H17: =IF(OR(F17="",F16="",F16=0),"",F17/F16-1)
... F24: =IF(SUM(B24:E24)=0,"",SUM(B24:E24)) | G24: =IF(OR(F24="",F23=""),"",F24-F23) | H24: =IF(OR(F24="",F23="",F23=0),"",F24/F23-1)

Sheet 차트
A1: 자산 추이 & 배분 차트
